{"rte/train/f1_score":0.9372549057006836,"rte/val/f1_score":0.5042558312416077,"rte/val/accuracy":0.5166997313499451,"_wandb":{"runtime":701},"_timestamp":1.7442013588654861e+09,"rte/val/total_loss":0.781276524066925,"_step":43,"trainer/global_step":949,"epoch":12,"rte/optimization/learning_rate":9.999999747378752e-06,"rte/val/samples":{"sha256":"d41b2701fcb0abff695d2e22e8564e7ccd467b78956531c30b4376af45381782","size":2378,"path":"media/html/rte/val/samples_41_d41b2701fcb0abff695d.html","_type":"html-file"},"rte/train/total_loss":0.37996774911880493,"rte/train/accuracy":0.9375,"_runtime":686.5695166}